<?xml version="1.0"?>

<beans xmlns="http://www.springframework.org/schema/beans" xmlns:xsi="http://www.w3.org/2001/XMLSchema-instance" default-destroy-method="destroy" default-init-method="afterPropertiesSet" xsi:schemaLocation="http://www.springframework.org/schema/beans http://www.springframework.org/schema/beans/spring-beans-3.0.xsd">
	<bean id="com.test.model.service.NewsLocalService" class="com.test.model.service.impl.NewsLocalServiceImpl" />
	<bean id="com.test.model.service.NewsLocalServiceUtil" class="com.test.model.service.NewsLocalServiceUtil">
		<property name="service" ref="com.test.model.service.NewsLocalService" />
	</bean>
	<bean id="com.test.model.service.NewsService" class="com.test.model.service.impl.NewsServiceImpl" />
	<bean id="com.test.model.service.NewsServiceUtil" class="com.test.model.service.NewsServiceUtil">
		<property name="service" ref="com.test.model.service.NewsService" />
	</bean>
	<bean id="com.test.model.service.persistence.NewsPersistence" class="com.test.model.service.persistence.NewsPersistenceImpl" parent="basePersistence" />
</beans>