<?xml version="1.0"?>
<!DOCTYPE hibernate-mapping PUBLIC "-//Hibernate/Hibernate Mapping DTD 3.0//EN" "http://hibernate.sourceforge.net/hibernate-mapping-3.0.dtd">

<hibernate-mapping default-lazy="false" auto-import="false">
	<import class="com.test.model.model.News" />
	<class name="com.test.model.model.impl.NewsImpl" table="NEWS_News">
		<cache usage="read-write" />
		<id name="Id" type="long">
			<generator class="assigned" />
		</id>
		<property name="title" type="com.liferay.portal.dao.orm.hibernate.StringType" />
		<property name="content" type="com.liferay.portal.dao.orm.hibernate.StringType" />
	</class>
</hibernate-mapping>