<?xml version="1.0" encoding="UTF-8"?>
<!DOCTYPE service-builder PUBLIC "-//Liferay//DTD Service Builder 6.0.0//EN" "http://www.liferay.com/dtd/liferay-service-builder_6_0_0.dtd">
<service-builder package-path="com.test.model">
	<author>thanhlikes09</author>
	<namespace>NEWS</namespace>
    <entity name="News" local-service="true">
        <column name="Id" type="long" primary="true"></column>
        <column name="title" type="String"></column>
        <column name="content" type="String"></column>
    </entity>
</service-builder>
