<?xml version="1.0" encoding="UTF-8"?>
<!DOCTYPE service-builder PUBLIC "-//Liferay//DTD Service Builder 6.0.0//EN" "http://www.liferay.com/dtd/liferay-service-builder_6_0_0.dtd">
<service-builder package-path="itf.dut.edu.vn">
	<author>thanhlikes09</author>
	<namespace>TTH</namespace>
	<entity name="GoodSentences" local-service="true">
		<column name="sentenceId" type="int" primary="true"></column>
		<column name="sentence" type="String"></column>
		<column name="day" type="int"></column>
		<column name="groupId" type="long"></column>
		<column name="companyId" type="long"></column>
		<finder name="groupId" return-type="collection">
			<finder-column name="groupId"></finder-column>
		</finder>
	</entity>
	<entity name="Advertise" local-service="true">
		<column name="advertiseId" type="long" primary="true"></column>
		<column name="describe" type="String"></column>
        <column name="url" type="String"></column>
        <column name="urlImage" type="String"></column>
        <column name="countClick" type="long"></column>
        <column name="hide" type="boolean"></column>
        <column name="groupId" type="long" />
		<column name="companyId" type="long" />
        <order by="asc">
            <order-column name="groupId"></order-column>
        </order>

	</entity>
    <entity name="Category" local-service="true">
        <column name="categoryId" type="long" primary="true"></column>
        <column name="nameCategory" type="String"></column>
        <column name="groupId" type="long" />
		<column name="companyId" type="long" />
        <order by="asc">
            <order-column name="groupId" order-by="asc"></order-column>
        </order>
        <finder name="nameCategory" return-type="collection">
            <finder-column name="nameCategory"></finder-column>
        </finder>
    </entity>
    <entity name="News" local-service="true">
        <column name="newsId" type="long" primary="true"></column>
        <column name="title" type="String"></column>
        <column name="urlImage" type="String"></column>
        <column name="summarize" type="String"></column>
        <column name="createDate" type="Date"></column>
        <column name="modifiedDate" type="Date"></column>
        <column name="categoryId" type="long"></column>
        <column name="contentNews" type="String"></column>
        <column name="countView" type="long"></column>
        <column name="groupId" type="long" />
		<column name="companyId" type="long" />
        <column name="mainNews" type="boolean"></column>
        <column name="writer" type="String"></column>
        <order by="asc">
            <order-column name="createDate" order-by="desc"></order-column>
        </order>
        <finder name="title" return-type="collection">
            <finder-column name="title"></finder-column>
        </finder>
        <finder name="contentNews" return-type="collection">
            <finder-column name="contentNews"></finder-column>
        </finder>
        <finder name="categoryId" return-type="collection">
            <finder-column name="categoryId"></finder-column>
        </finder>
    </entity>
    <entity name="Comment" local-service="true">
        <column name="commentId" type="long" primary="true"></column>
        <column name="newsId" type="long"></column>
        <column name="name" type="String"></column>
        <column name="email" type="String"></column>
        <column name="address" type="String"></column>
        <column name="title" type="String"></column>
        <column name="contentComment" type="String"></column>
        <column name="createDate" type="Date"></column>
        <column name="groupId" type="long" />
		<column name="companyId" type="long" />
        <order by="asc">
            <order-column name="createDate" order-by="desc"></order-column>
        </order>
        <finder name="newsId" return-type="collection">
            <finder-column name="newsId"></finder-column>
        </finder>
    </entity>
</service-builder>
