<?xml version="1.0"?>

<model-hints>
	<model name="itf.dut.edu.vn.model.Advertise">
		<field name="advertiseId" type="long" />
		<field name="describe" type="String" />
		<field name="url" type="String" />
		<field name="urlImage" type="String" />
		<field name="countClick" type="long" />
		<field name="hide" type="boolean" />
		<field name="groupId" type="long" />
		<field name="companyId" type="long" />
	</model>
	<model name="itf.dut.edu.vn.model.Category">
		<field name="categoryId" type="long" />
		<field name="nameCategory" type="String" />
		<field name="groupId" type="long" />
		<field name="companyId" type="long" />
	</model>
	<model name="itf.dut.edu.vn.model.Comment">
		<field name="commentId" type="long" />
		<field name="newsId" type="long" />
		<field name="name" type="String" />
		<field name="email" type="String" />
		<field name="address" type="String" />
		<field name="title" type="String" />
		<field name="contentComment" type="String" />
		<field name="createDate" type="Date" />
		<field name="groupId" type="long" />
		<field name="companyId" type="long" />
	</model>
	<model name="itf.dut.edu.vn.model.GoodSentences">
		<field name="sentenceId" type="int" />
		<field name="sentence" type="String" />
		<field name="day" type="int" />
		<field name="groupId" type="long" />
		<field name="companyId" type="long" />
	</model>
	<model name="itf.dut.edu.vn.model.News">
		<field name="newsId" type="long" />
		<field name="title" type="String" />
		<field name="urlImage" type="String" />
		<field name="summarize" type="String" />
		<field name="createDate" type="Date" />
		<field name="modifiedDate" type="Date" />
		<field name="categoryId" type="long" />
		<field name="contentNews" type="String" />
		<field name="countView" type="long" />
		<field name="groupId" type="long" />
		<field name="companyId" type="long" />
		<field name="mainNews" type="boolean" />
		<field name="writer" type="String" />
	</model>
</model-hints>