<?xml version="1.0"?>

<beans xmlns="http://www.springframework.org/schema/beans" xmlns:xsi="http://www.w3.org/2001/XMLSchema-instance" default-destroy-method="destroy" default-init-method="afterPropertiesSet" xsi:schemaLocation="http://www.springframework.org/schema/beans http://www.springframework.org/schema/beans/spring-beans-3.0.xsd">
	<bean id="itf.dut.edu.vn.service.AdvertiseLocalService" class="itf.dut.edu.vn.service.impl.AdvertiseLocalServiceImpl" />
	<bean id="itf.dut.edu.vn.service.AdvertiseLocalServiceUtil" class="itf.dut.edu.vn.service.AdvertiseLocalServiceUtil">
		<property name="service" ref="itf.dut.edu.vn.service.AdvertiseLocalService" />
	</bean>
	<bean id="itf.dut.edu.vn.service.AdvertiseService" class="itf.dut.edu.vn.service.impl.AdvertiseServiceImpl" />
	<bean id="itf.dut.edu.vn.service.AdvertiseServiceUtil" class="itf.dut.edu.vn.service.AdvertiseServiceUtil">
		<property name="service" ref="itf.dut.edu.vn.service.AdvertiseService" />
	</bean>
	<bean id="itf.dut.edu.vn.service.persistence.AdvertisePersistence" class="itf.dut.edu.vn.service.persistence.AdvertisePersistenceImpl" parent="basePersistence" />
	<bean id="itf.dut.edu.vn.service.CategoryLocalService" class="itf.dut.edu.vn.service.impl.CategoryLocalServiceImpl" />
	<bean id="itf.dut.edu.vn.service.CategoryLocalServiceUtil" class="itf.dut.edu.vn.service.CategoryLocalServiceUtil">
		<property name="service" ref="itf.dut.edu.vn.service.CategoryLocalService" />
	</bean>
	<bean id="itf.dut.edu.vn.service.CategoryService" class="itf.dut.edu.vn.service.impl.CategoryServiceImpl" />
	<bean id="itf.dut.edu.vn.service.CategoryServiceUtil" class="itf.dut.edu.vn.service.CategoryServiceUtil">
		<property name="service" ref="itf.dut.edu.vn.service.CategoryService" />
	</bean>
	<bean id="itf.dut.edu.vn.service.persistence.CategoryPersistence" class="itf.dut.edu.vn.service.persistence.CategoryPersistenceImpl" parent="basePersistence" />
	<bean id="itf.dut.edu.vn.service.CommentLocalService" class="itf.dut.edu.vn.service.impl.CommentLocalServiceImpl" />
	<bean id="itf.dut.edu.vn.service.CommentLocalServiceUtil" class="itf.dut.edu.vn.service.CommentLocalServiceUtil">
		<property name="service" ref="itf.dut.edu.vn.service.CommentLocalService" />
	</bean>
	<bean id="itf.dut.edu.vn.service.CommentService" class="itf.dut.edu.vn.service.impl.CommentServiceImpl" />
	<bean id="itf.dut.edu.vn.service.CommentServiceUtil" class="itf.dut.edu.vn.service.CommentServiceUtil">
		<property name="service" ref="itf.dut.edu.vn.service.CommentService" />
	</bean>
	<bean id="itf.dut.edu.vn.service.persistence.CommentPersistence" class="itf.dut.edu.vn.service.persistence.CommentPersistenceImpl" parent="basePersistence" />
	<bean id="itf.dut.edu.vn.service.GoodSentencesLocalService" class="itf.dut.edu.vn.service.impl.GoodSentencesLocalServiceImpl" />
	<bean id="itf.dut.edu.vn.service.GoodSentencesLocalServiceUtil" class="itf.dut.edu.vn.service.GoodSentencesLocalServiceUtil">
		<property name="service" ref="itf.dut.edu.vn.service.GoodSentencesLocalService" />
	</bean>
	<bean id="itf.dut.edu.vn.service.GoodSentencesService" class="itf.dut.edu.vn.service.impl.GoodSentencesServiceImpl" />
	<bean id="itf.dut.edu.vn.service.GoodSentencesServiceUtil" class="itf.dut.edu.vn.service.GoodSentencesServiceUtil">
		<property name="service" ref="itf.dut.edu.vn.service.GoodSentencesService" />
	</bean>
	<bean id="itf.dut.edu.vn.service.persistence.GoodSentencesPersistence" class="itf.dut.edu.vn.service.persistence.GoodSentencesPersistenceImpl" parent="basePersistence" />
	<bean id="itf.dut.edu.vn.service.NewsLocalService" class="itf.dut.edu.vn.service.impl.NewsLocalServiceImpl" />
	<bean id="itf.dut.edu.vn.service.NewsLocalServiceUtil" class="itf.dut.edu.vn.service.NewsLocalServiceUtil">
		<property name="service" ref="itf.dut.edu.vn.service.NewsLocalService" />
	</bean>
	<bean id="itf.dut.edu.vn.service.NewsService" class="itf.dut.edu.vn.service.impl.NewsServiceImpl" />
	<bean id="itf.dut.edu.vn.service.NewsServiceUtil" class="itf.dut.edu.vn.service.NewsServiceUtil">
		<property name="service" ref="itf.dut.edu.vn.service.NewsService" />
	</bean>
	<bean id="itf.dut.edu.vn.service.persistence.NewsPersistence" class="itf.dut.edu.vn.service.persistence.NewsPersistenceImpl" parent="basePersistence" />
</beans>