<?xml version="1.0"?>

<entity-mappings xmlns="http://java.sun.com/xml/ns/persistence/orm" xmlns:xsi="http://www.w3.org/2001/XMLSchema-instance" version="1.0" xsi:schemaLocation="http://java.sun.com/xml/ns/persistence/orm http://java.sun.com/xml/ns/persistence/orm_1_0.xsd">
	<persistence-unit-metadata>
		<xml-mapping-metadata-complete/>
		<persistence-unit-defaults>
			<access>PROPERTY</access>
		</persistence-unit-defaults>
	</persistence-unit-metadata>
	<mapped-superclass class="itf.dut.edu.vn.model.impl.AdvertiseModelImpl">
		<attributes>
			<id name="advertiseId" />
			<basic name="describe" />
			<basic name="url" />
			<basic name="urlImage" />
			<basic name="countClick" />
			<basic name="hide" />
			<basic name="groupId" />
			<basic name="companyId" />
			<transient name="primaryKey" />
			<transient name="primaryKeyObj" />
		</attributes>
	</mapped-superclass>
	<mapped-superclass class="itf.dut.edu.vn.model.impl.CategoryModelImpl">
		<attributes>
			<id name="categoryId" />
			<basic name="nameCategory" />
			<basic name="groupId" />
			<basic name="companyId" />
			<transient name="primaryKey" />
			<transient name="primaryKeyObj" />
		</attributes>
	</mapped-superclass>
	<mapped-superclass class="itf.dut.edu.vn.model.impl.CommentModelImpl">
		<attributes>
			<id name="commentId" />
			<basic name="newsId" />
			<basic name="name" />
			<basic name="email" />
			<basic name="address" />
			<basic name="title" />
			<basic name="contentComment" />
			<basic name="createDate">
				<temporal>TIMESTAMP</temporal>
			</basic>
			<basic name="groupId" />
			<basic name="companyId" />
			<transient name="primaryKey" />
			<transient name="primaryKeyObj" />
		</attributes>
	</mapped-superclass>
	<mapped-superclass class="itf.dut.edu.vn.model.impl.GoodSentencesModelImpl">
		<attributes>
			<id name="sentenceId" />
			<basic name="sentence" />
			<basic name="day" />
			<basic name="groupId" />
			<basic name="companyId" />
			<transient name="primaryKey" />
			<transient name="primaryKeyObj" />
		</attributes>
	</mapped-superclass>
	<mapped-superclass class="itf.dut.edu.vn.model.impl.NewsModelImpl">
		<attributes>
			<id name="newsId" />
			<basic name="title" />
			<basic name="urlImage" />
			<basic name="summarize" />
			<basic name="createDate">
				<temporal>TIMESTAMP</temporal>
			</basic>
			<basic name="modifiedDate">
				<temporal>TIMESTAMP</temporal>
			</basic>
			<basic name="categoryId" />
			<basic name="contentNews" />
			<basic name="countView" />
			<basic name="groupId" />
			<basic name="companyId" />
			<basic name="mainNews" />
			<basic name="writer" />
			<transient name="primaryKey" />
			<transient name="primaryKeyObj" />
		</attributes>
	</mapped-superclass>
	<entity class="itf.dut.edu.vn.model.impl.AdvertiseImpl" name="Advertise">
		<table name="TTH_Advertise" />
		<attributes />
	</entity>
	<entity class="itf.dut.edu.vn.model.impl.CategoryImpl" name="Category">
		<table name="TTH_Category" />
		<attributes />
	</entity>
	<entity class="itf.dut.edu.vn.model.impl.CommentImpl" name="Comment">
		<table name="TTH_Comment" />
		<attributes />
	</entity>
	<entity class="itf.dut.edu.vn.model.impl.GoodSentencesImpl" name="GoodSentences">
		<table name="TTH_GoodSentences" />
		<attributes />
	</entity>
	<entity class="itf.dut.edu.vn.model.impl.NewsImpl" name="News">
		<table name="TTH_News" />
		<attributes />
	</entity>
</entity-mappings>