<?xml version="1.0"?>
<!DOCTYPE hibernate-mapping PUBLIC "-//Hibernate/Hibernate Mapping DTD 3.0//EN" "http://hibernate.sourceforge.net/hibernate-mapping-3.0.dtd">

<hibernate-mapping default-lazy="false" auto-import="false">
	<import class="itf.dut.edu.vn.model.Advertise" />
	<import class="itf.dut.edu.vn.model.Category" />
	<import class="itf.dut.edu.vn.model.Comment" />
	<import class="itf.dut.edu.vn.model.GoodSentences" />
	<import class="itf.dut.edu.vn.model.News" />
	<class name="itf.dut.edu.vn.model.impl.AdvertiseImpl" table="TTH_Advertise">
		<cache usage="read-write" />
		<id name="advertiseId" type="long">
			<generator class="assigned" />
		</id>
		<property name="describe" type="com.liferay.portal.dao.orm.hibernate.StringType" />
		<property name="url" type="com.liferay.portal.dao.orm.hibernate.StringType" />
		<property name="urlImage" type="com.liferay.portal.dao.orm.hibernate.StringType" />
		<property name="countClick" type="com.liferay.portal.dao.orm.hibernate.LongType" />
		<property name="hide" type="com.liferay.portal.dao.orm.hibernate.BooleanType" />
		<property name="groupId" type="com.liferay.portal.dao.orm.hibernate.LongType" />
		<property name="companyId" type="com.liferay.portal.dao.orm.hibernate.LongType" />
	</class>
	<class name="itf.dut.edu.vn.model.impl.CategoryImpl" table="TTH_Category">
		<cache usage="read-write" />
		<id name="categoryId" type="long">
			<generator class="assigned" />
		</id>
		<property name="nameCategory" type="com.liferay.portal.dao.orm.hibernate.StringType" />
		<property name="groupId" type="com.liferay.portal.dao.orm.hibernate.LongType" />
		<property name="companyId" type="com.liferay.portal.dao.orm.hibernate.LongType" />
	</class>
	<class name="itf.dut.edu.vn.model.impl.CommentImpl" table="TTH_Comment">
		<cache usage="read-write" />
		<id name="commentId" type="long">
			<generator class="assigned" />
		</id>
		<property name="newsId" type="com.liferay.portal.dao.orm.hibernate.LongType" />
		<property name="name" type="com.liferay.portal.dao.orm.hibernate.StringType" />
		<property name="email" type="com.liferay.portal.dao.orm.hibernate.StringType" />
		<property name="address" type="com.liferay.portal.dao.orm.hibernate.StringType" />
		<property name="title" type="com.liferay.portal.dao.orm.hibernate.StringType" />
		<property name="contentComment" type="com.liferay.portal.dao.orm.hibernate.StringType" />
		<property name="createDate" type="org.hibernate.type.TimestampType" />
		<property name="groupId" type="com.liferay.portal.dao.orm.hibernate.LongType" />
		<property name="companyId" type="com.liferay.portal.dao.orm.hibernate.LongType" />
	</class>
	<class name="itf.dut.edu.vn.model.impl.GoodSentencesImpl" table="TTH_GoodSentences">
		<cache usage="read-write" />
		<id name="sentenceId" type="int">
			<generator class="assigned" />
		</id>
		<property name="sentence" type="com.liferay.portal.dao.orm.hibernate.StringType" />
		<property name="day" type="com.liferay.portal.dao.orm.hibernate.IntegerType" />
		<property name="groupId" type="com.liferay.portal.dao.orm.hibernate.LongType" />
		<property name="companyId" type="com.liferay.portal.dao.orm.hibernate.LongType" />
	</class>
	<class name="itf.dut.edu.vn.model.impl.NewsImpl" table="TTH_News">
		<cache usage="read-write" />
		<id name="newsId" type="long">
			<generator class="assigned" />
		</id>
		<property name="title" type="com.liferay.portal.dao.orm.hibernate.StringType" />
		<property name="urlImage" type="com.liferay.portal.dao.orm.hibernate.StringType" />
		<property name="summarize" type="com.liferay.portal.dao.orm.hibernate.StringType" />
		<property name="createDate" type="org.hibernate.type.TimestampType" />
		<property name="modifiedDate" type="org.hibernate.type.TimestampType" />
		<property name="categoryId" type="com.liferay.portal.dao.orm.hibernate.LongType" />
		<property name="contentNews" type="com.liferay.portal.dao.orm.hibernate.StringType" />
		<property name="countView" type="com.liferay.portal.dao.orm.hibernate.LongType" />
		<property name="groupId" type="com.liferay.portal.dao.orm.hibernate.LongType" />
		<property name="companyId" type="com.liferay.portal.dao.orm.hibernate.LongType" />
		<property name="mainNews" type="com.liferay.portal.dao.orm.hibernate.BooleanType" />
		<property name="writer" type="com.liferay.portal.dao.orm.hibernate.StringType" />
	</class>
</hibernate-mapping>