<?xml version="1.0"?>
<!DOCTYPE liferay-portlet-app PUBLIC "-//Liferay//DTD Portlet Application 6.0.0//EN" "http://www.liferay.com/dtd/liferay-portlet-app_6_0_0.dtd">

<liferay-portlet-app>
	<portlet>
		<portlet-name>LienKetWebsite</portlet-name>
		<icon>/icon.png</icon>
		<instanceable>true</instanceable>
		<header-portlet-css>/css/main.css</header-portlet-css>
		<footer-portlet-javascript>/js/main.js</footer-portlet-javascript>
		<css-class-wrapper>LienKetWebsite-portlet</css-class-wrapper>
	</portlet>
	<portlet>
		<portlet-name>linkgroupadmin</portlet-name>
		<icon>/icon.png</icon>
		<friendly-url-mapper-class> com.liferay.portal.kernel.portlet.DefaultFriendlyURLMapper </friendly-url-mapper-class>
		<friendly-url-mapping>linkgroupadmin</friendly-url-mapping>
		<friendly-url-routes> com/vsi/lienketwebsite/linkgroupadmin-friendly-url-routes.xml </friendly-url-routes>
		<instanceable>false</instanceable>
		<header-portlet-css>/css/main.css</header-portlet-css>
		<footer-portlet-javascript>
			/js/main.js
		</footer-portlet-javascript>
		<css-class-wrapper>linkgroupadmin-portlet</css-class-wrapper>
	</portlet>
	<portlet>
		<portlet-name>linkgroupuser</portlet-name>
		<icon>/icon.png</icon>
		<instanceable>true</instanceable>
		<header-portlet-css>/css/main.css</header-portlet-css>
		<footer-portlet-javascript>
			/js/main.js
		</footer-portlet-javascript>
		<css-class-wrapper>linkgroupuser-portlet</css-class-wrapper>
	</portlet>
	<role-mapper>
		<role-name>administrator</role-name>
		<role-link>Administrator</role-link>
	</role-mapper>
	<role-mapper>
		<role-name>guest</role-name>
		<role-link>Guest</role-link>
	</role-mapper>
	<role-mapper>
		<role-name>power-user</role-name>
		<role-link>Power User</role-link>
	</role-mapper>
	<role-mapper>
		<role-name>user</role-name>
		<role-link>User</role-link>
	</role-mapper>
</liferay-portlet-app>